player_id,player_name,player_display_name,position,position_group,recent_team,total_fantasy_points,total_fantasy_points_ppr
00-0034857,J.Allen,Josh Allen,QB,QB,BUF,458.8,458.8
00-0033280,C.McCaffrey,Christian McCaffrey,RB,RB,SF,394.3,480.3
00-0034796,L.Jackson,Lamar Jackson,QB,QB,BAL,384.88,385.88
00-0033077,D.Prescott,Dak Prescott,QB,QB,DAL,373.46,373.46
00-0036389,J.Hurts,Jalen Hurts,QB,QB,PHI,371.32,371.32
00-0033873,P.Mahomes,Patrick Mahomes,QB,QB,KC,358.36,358.36
00-0036264,J.Love,Jordan Love,QB,QB,GB,355.9,355.9
00-0037834,B.Purdy,Brock Purdy,QB,QB,SF,343.96,343.96
00-0033106,J.Goff,Jared Goff,QB,QB,DET,338.88,338.88
00-0034855,B.Mayfield,Baker Mayfield,QB,QB,TB,324.6,324.6
00-0039163,C.Stroud,C.J. Stroud,QB,QB,HOU,304.98,305.98
00-0036212,T.Tagovailoa,Tua Tagovailoa,QB,QB,MIA,284.82,284.82
00-0036358,C.Lamb,CeeDee Lamb,WR,WR,DAL,281.7,425.7
00-0033040,T.Hill,Tyreek Hill,WR,WR,MIA,269.6,393.6
00-0026498,M.Stafford,Matthew Stafford,QB,QB,LA,265.78,265.78
00-0036971,T.Lawrence,Trevor Lawrence,QB,QB,JAX,262.54,262.54
00-0029263,R.Wilson,Russell Wilson,QB,QB,DEN,256.9,256.9
00-0037077,S.Howell,Sam Howell,QB,QB,WAS,256.54,257.54
00-0031687,R.Mostert,Raheem Mostert,RB,RB,MIA,245.7,271.7
00-0036963,A.St. Brown,Amon-Ra St. Brown,WR,WR,DET,245.5,386.5
00-0031280,D.Carr,Derek Carr,QB,QB,NO,241.12,241.12
00-0036355,J.Herbert,Justin Herbert,QB,QB,LAC,233.16,234.16
00-0036945,J.Fields,Justin Fields,QB,QB,CHI,230.18,230.18
00-0037840,K.Williams,Kyren Williams,RB,RB,LA,230,263
00-0039139,J.Gibbs,Jahmyr Gibbs,RB,RB,DET,229.9,292.9
00-0031408,M.Evans,Mike Evans,WR,WR,TB,229,319
00-0037256,R.White,Rachaad White,RB,RB,TB,226.5,295.5
00-0030565,G.Smith,Geno Smith,QB,QB,SEA,226.26,227.26
00-0035685,D.Montgomery,David Montgomery,RB,RB,DET,226,248
00-0036973,T.Etienne,Travis Etienne,RB,RB,JAX,224.4,282.4
00-0037197,I.Pacheco,Isiah Pacheco,RB,RB,KC,223.2,279.2
00-0032764,D.Henry,Derrick Henry,RB,RB,TEN,218.66,246.66
00-0039075,P.Nacua,Puka Nacua,WR,WR,LA,217.4,331.4
00-0033897,J.Mixon,Joe Mixon,RB,RB,CIN,215,267
00-0038120,B.Hall,Breece Hall,RB,RB,NYJ,214.5,290.5
00-0037248,J.Cook,James Cook,RB,RB,BUF,205.3,257.3
00-0036554,N.Collins,Nico Collins,WR,WR,HOU,203.2,294.2
00-0033949,J.Dobbs,Joshua Dobbs,QB,QB,ARI,202.66,202.66
00-0035719,D.Samuel,Deebo Samuel Sr.,WR,WR,SF,199.8,272.8
00-0035289,G.Minshew,Gardner Minshew,QB,QB,IND,196.2,196.2
00-0036261,B.Aiyuk,Brandon Aiyuk,WR,WR,SF,195.1,279.1
00-0034827,D.Moore,DJ Moore,WR,WR,CHI,190.5,286.5
00-0038542,B.Robinson,Bijan Robinson,RB,RB,ATL,188.3,246.3
00-0035676,A.Brown,A.J. Brown,WR,WR,PHI,183.6,289.6
00-0034184,G.Edwards,Gus Edwards,RB,RB,BAL,182.5,196.5
00-0034844,S.Barkley,Saquon Barkley,RB,RB,NYG,182.2,223.2
00-0035261,T.Pollard,Tony Pollard,RB,RB,DAL,182.1,244.1
00-0030506,T.Kelce,Travis Kelce,TE,TE,KC,180.4,305.4
00-0038122,D.Ridder,Desmond Ridder,QB,QB,ATL,180.14,181.14
00-0039065,S.LaPorta,Sam LaPorta,TE,TE,DET,176.9,283.9
00-0031588,S.Diggs,Stefon Diggs,WR,WR,BUF,174.8,291.8
00-0033553,J.Conner,James Conner,RB,RB,ARI,174.5,201.5
00-0037267,J.Ford,Jerome Ford,RB,RB,CLE,172.4,220.4
00-0036893,N.Harris,Najee Harris,RB,RB,PIT,171.7,202.7
00-0030279,K.Allen,Keenan Allen,WR,WR,LAC,170.86,278.86
00-0038134,K.Walker,Kenneth Walker III,RB,RB,SEA,170.4,199.4
00-0036275,D.Swift,D'Andre Swift,RB,RB,PHI,166.9,209.9
00-0039040,D.Achane,De'Von Achane,RB,RB,MIA,166.7,196.7
00-0039067,R.Rice,Rashee Rice,WR,WR,KC,166.2,271.2
00-0036900,J.Chase,Ja'Marr Chase,WR,WR,CIN,162.72,262.72
00-0031381,D.Adams,Davante Adams,WR,WR,LV,162.4,265.4
00-0037746,B.Robinson,Brian Robinson,RB,RB,WAS,162.1,198.1
00-0036912,D.Smith,DeVonta Smith,WR,WR,PHI,161.4,250.4
00-0031544,A.Cooper,Amari Cooper,WR,WR,CLE,160.9,236.9
00-0035640,D.Metcalf,DK Metcalf,WR,WR,SEA,159.4,225.4
00-0033906,A.Kamara,Alvin Kamara,RB,RB,NO,158,233
00-0039146,J.Reed,Jayden Reed,WR,WR,GB,157.6,225.6
00-0035250,D.Singletary,Devin Singletary,RB,RB,HOU,157.34,195.34
00-0039150,B.Young,Bryce Young,QB,QB,CAR,156.38,156.38
00-0033288,G.Kittle,George Kittle,TE,TE,SF,155.4,228.4
00-0034837,C.Ridley,Calvin Ridley,WR,WR,JAX,153.9,229.9
00-0038994,J.Addison,Jordan Addison,WR,WR,MIN,151.3,221.3
00-0037247,G.Pickens,George Pickens,WR,WR,PIT,150.3,218.3
00-0029604,K.Cousins,Kirk Cousins,QB,QB,MIN,149.74,149.74
00-0033293,A.Jones,Aaron Jones,RB,RB,GB,149.6,183.6
00-0039064,Z.Flowers,Zay Flowers,WR,WR,BAL,149.4,235.4
00-0030564,D.Hopkins,DeAndre Hopkins,WR,WR,TEN,148.6,223.6
00-0034960,J.Meyers,Jakobi Meyers,WR,WR,LV,147.58,218.58
00-0036442,J.Burrow,Joe Burrow,QB,QB,CIN,147.16,147.16
00-0035228,K.Murray,Kyler Murray,QB,QB,ARI,146.36,146.36
00-0037816,R.Doubs,Romeo Doubs,WR,WR,GB,144.8,213.8
00-0037239,C.Olave,Chris Olave,WR,WR,NO,144.3,231.3
00-0035700,J.Jacobs,Josh Jacobs,RB,RB,LV,144.1,181.1
00-0036555,C.Hubbard,Chuba Hubbard,RB,RB,CAR,143.5,182.5
00-0035100,J.Browning,Jake Browning,QB,QB,CIN,143.44,144.44
00-0036252,M.Pittman,Michael Pittman,WR,WR,IND,143.2,252.2
00-0036251,Z.Moss,Zack Moss,RB,RB,IND,142.6,169.6
00-0037228,J.Warren,Jaylen Warren,RB,RB,PIT,140.8,203.8
00-0033921,C.Godwin,Chris Godwin,WR,WR,TB,140.7,231.7
00-0036223,J.Taylor,Jonathan Taylor,RB,RB,IND,137.4,156.4
00-0036322,J.Jefferson,Justin Jefferson,WR,WR,MIN,136.2,204.2
00-0033699,A.Ekeler,Austin Ekeler,RB,RB,LAC,134.4,185.4
00-0038041,J.Ferguson,Jake Ferguson,TE,TE,DAL,133.4,214.4
00-0036997,J.Williams,Javonte Williams,RB,RB,DEN,132.2,179.2
00-0034348,C.Sutton,Courtland Sutton,WR,WR,DEN,131.2,190.2
00-0036613,J.Waddle,Jaylen Waddle,WR,WR,MIA,130.6,204.6
00-0033885,D.Njoku,David Njoku,TE,TE,CLE,129.5,217.5
00-0030035,A.Thielen,Adam Thielen,WR,WR,CAR,128,231
00-0038579,A.O'Connell,Aidan O'Connell,QB,QB,LV,125.82,125.82
00-0031236,B.Cooks,Brandin Cooks,WR,WR,DAL,124.5,184.5
00-0035659,T.McLaurin,Terry McLaurin,WR,WR,WAS,124.2,203.2
00-0035229,T.Hockenson,T.J. Hockenson,TE,TE,MIN,124,219
00-0033045,E.Elliott,Ezekiel Elliott,RB,RB,NE,123.5,174.5
00-0032211,T.Lockett,Tyler Lockett,WR,WR,SEA,123.4,202.4
00-0037013,Z.Wilson,Zach Wilson,QB,QB,NYJ,119.94,119.94
00-0037263,T.Allgeier,Tyler Allgeier,RB,RB,ATL,119.6,137.6
00-0033923,K.Hunt,Kareem Hunt,RB,RB,CLE,119,139
00-0037740,G.Wilson,Garrett Wilson,WR,WR,NYJ,118.2,213.2
00-0038977,T.Dell,Tank Dell,WR,WR,HOU,118,165
00-0036196,G.Davis,Gabe Davis,WR,WR,BUF,116.40,161.40
00-0033881,E.Engram,Evan Engram,TE,TE,JAX,116.30,230.30
00-0026158,J.Flacco,Joe Flacco,QB,QB,CLE,114.42,114.42
00-0035216,D.Johnson,Diontae Johnson,WR,WR,PIT,112.50,167.50
00-0037545,R.Shaheed,Rashid Shaheed,WR,WR,NO,111.60,157.60
00-0033357,T.Hill,Taysom Hill,TE,TE,NO,110.52,143.52
00-0038102,K.Pickett,Kenny Pickett,QB,QB,PIT,110.20,110.20
00-0036290,C.Kmet,Cole Kmet,TE,TE,CHI,108.10,181.10
00-0033908,C.Kupp,Cooper Kupp,WR,WR,LA,108.1,172.10
00-0033943,J.Reynolds,Josh Reynolds,WR,WR,DET,108.00,156.00
00-0036875,R.Stevenson,Rhamondre Stevenson,RB,RB,NE,107.70,145.70
00-0036972,M.Jones,Mac Jones,QB,QB,NE,106.40,106.40
00-0034383,D.Schultz,Dalton Schultz,TE,TE,HOU,105.50,170.50
00-0037238,D.London,Drake London,WR,WR,ATL,105.38,174.38
00-0034972,A.Mattison,Alexander Mattison,RB,RB,MIN,103.20,133.2
00-0039152,W.Levis,Will Levis,QB,QB,TEN,102.02,102.02
00-0039032,T.Spears,Tyjae Spears,RB,RB,TEN,101.8,153.80
00-0035535,D.Slayton,Darius Slayton,WR,WR,NYG,101.00,151.00
00-0037744,T.McBride,Trey McBride,TE,TE,ARI,100.50,181.50
00-0036410,T.Higgins,Tee Higgins,WR,WR,CIN,95.60000000000001,137.60
00-0036265,A.Dillon,AJ Dillon,RB,RB,GB,95.60,117.60
00-0033282,C.Samuel,Curtis Samuel,WR,WR,WAS,95.20,157.20
00-0038933,D.Kincaid,Dalton Kincaid,TE,TE,BUF,93.70,174.70
00-0037261,K.Shakir,Khalil Shakir,WR,WR,BUF,93.60,142.60
00-0038476,T.DeVito,Tommy DeVito,QB,QB,NYG,93.54,93.54
00-0034775,C.Kirk,Christian Kirk,WR,WR,JAX,93.26,150.26
00-0034975,J.Hill,Justice Hill,RB,RB,BAL,92.70,126.70
00-0036906,K.Herbert,Khalil Herbert,RB,RB,CHI,92.50,112.50
00-0034753,M.Andrews,Mark Andrews,TE,TE,BAL,91.90,138.90
00-0038129,C.Otton,Cade Otton,TE,TE,TB,90.90,150.90
00-0038393,D.Wicks,Dontayvion Wicks,WR,WR,GB,89.25999999999999,130.26
00-0038997,J.Downs,Josh Downs,WR,WR,IND,89.10,157.10
00-0036407,J.Jeudy,Jerry Jeudy,WR,WR,DEN,87.80,141.80
00-0028118,T.Taylor,Tyrod Taylor,QB,QB,NYG,87.34,87.34
00-0038543,J.Smith-Njigba,Jaxon Smith-Njigba,WR,WR,SEA,86.80,149.80
00-0033537,D.Watson,Deshaun Watson,QB,QB,CLE,86.80,86.80
00-0034351,D.Goedert,Dallas Goedert,TE,TE,PHI,85.39999999999999,148.40
00-0036970,K.Pitts,Kyle Pitts,TE,TE,ATL,84.30,137.30
00-0035662,M.Brown,Marquise Brown,WR,WR,ARI,83.70,134.70000000000002
00-0036849,T.Atwell,Tutu Atwell,WR,WR,LA,83.20,123.20
00-0037838,I.Likely,Isaiah Likely,TE,TE,BAL,82.10,116.10
00-0034777,D.Chark,DJ Chark,WR,WR,CAR,80.50,115.50
00-0037240,J.Williams,Jameson Williams,WR,WR,DET,80.40,110.40
00-0033925,D.Foreman,D'Onta Foreman,RB,RB,CHI,80.20,91.20
00-0029701,R.Tannehill,Ryan Tannehill,QB,QB,TEN,80.04,80.04
00-0037276,T.Chandler,Ty Chandler,RB,RB,MIN,80.00,101.00
00-0036328,A.Gibson,Antonio Gibson,RB,RB,WAS,79.40,127.40
00-0036139,R.Dowdle,Rico Dowdle,RB,RB,DAL,79.00,98.00
00-0033090,H.Henry,Hunter Henry,TE,TE,NE,77.90,119.90
00-0033009,T.Boyd,Tyler Boyd,WR,WR,CIN,77.80,144.80
00-0038559,M.Wilson,Michael Wilson,WR,WR,ARI,76.50,114.50
00-0031235,O.Beckham,Odell Beckham,WR,WR,BAL,75.90,114.90
00-0037741,J.Dotson,Jahan Dotson,WR,WR,WAS,75.80,124.80
00-0038124,C.Watson,Christian Watson,WR,WR,GB,75.30,105.30
00-0038794,J.McLaughlin,Jaleel McLaughlin,RB,RB,DEN,75.00,106.00
00-0036980,E.Moore,Elijah Moore,WR,WR,CLE,74.30,135.30
00-0033858,J.Smith,Jonnu Smith,TE,TE,ATL,74.20,124.19999999999999
00-0038117,W.Robinson,Wan'Dale Robinson,WR,WR,NYG,73.20,133.20
00-0031549,N.Agholor,Nelson Agholor,WR,WR,BAL,73.20,111.20
00-0039165,Z.Charbonnet,Zach Charbonnet,RB,RB,SEA,73.10,106.10
00-0039164,A.Richardson,Anthony Richardson,QB,QB,IND,72.68,72.68
00-0039052,T.Palmer,Trey Palmer,WR,WR,TB,72.40,114.40
00-0036345,K.Osborn,K.J. Osborn,WR,WR,MIN,72.00,120.00
00-0031260,L.Thomas,Logan Thomas,TE,TE,WAS,71.80,126.80
00-0033526,S.Perine,Samaje Perine,RB,RB,DEN,71.30,121.30
00-0034386,J.Watson,Justin Watson,WR,WR,KC,71.00,104.00
00-0030513,L.Murray,Latavius Murray,RB,RB,BUF,69.90,91.90
00-0037258,D.Pierce,Dameon Pierce,RB,RB,HOU,69.70,82.70
00-0038108,B.Zappe,Bailey Zappe,QB,QB,NE,69.18,69.18
00-0036988,J.Palmer,Josh Palmer,WR,WR,LAC,68.70,106.70
00-0036919,K.Gainwell,Kenneth Gainwell,RB,RB,PHI,68.68,100.68
00-0033591,N.Brown,Noah Brown,WR,WR,HOU,68.60,101.60
00-0039021,R.Johnson,Roschon Johnson,RB,RB,CHI,68.10,102.10
00-0035282,E.Stick,Easton Stick,QB,QB,LAC,67.56,67.56
00-0033319,N.Mullens,Nick Mullens,QB,QB,MIN,66.74000000000001,66.74000000000001
00-0031800,T.Heinicke,Taylor Heinicke,QB,QB,ATL,66.00,66.00
00-0032775,D.Robinson,Demarcus Robinson,WR,WR,LA,65.80,94.80
00-0036936,R.Moore,Rondale Moore,WR,WR,ARI,65.00,105.00
00-0034764,M.Gallup,Michael Gallup,WR,WR,DAL,64.10000000000001,104.10
00-0031345,J.Garoppolo,Jimmy Garoppolo,QB,QB,LV,64.10,64.10
00-0037664,A.Pierce,Alec Pierce,WR,WR,IND,63.40,95.40
00-0033307,K.Bourne,Kendrick Bourne,WR,WR,NE,63.00,100.00
00-0032464,K.Raymond,Kalif Raymond,WR,WR,DET,62.40,97.40
00-0034270,T.Conklin,Tyler Conklin,TE,TE,NYJ,62.10,123.10
00-0033110,T.Higbee,Tyler Higbee,TE,TE,LA,61.50,108.50
00-0031610,D.Waller,Darren Waller,TE,TE,NYG,61.20,113.20
00-0038454,K.Mitchell,Keaton Mitchell,RB,RB,BAL,60.90,69.90
00-0031376,J.McKinnon,Jerick McKinnon,RB,RB,KC,60.86,87.86
00-0036040,J.Johnson,Juwan Johnson,TE,TE,NO,60.80,97.80
00-0035243,M.Sanders,Miles Sanders,RB,RB,CAR,60.60,87.60
00-0033895,G.Everett,Gerald Everett,TE,TE,LAC,60.10,111.10000000000001
00-0037809,C.Okonkwo,Chig Okonkwo,TE,TE,TEN,59.40,113.40
00-0038040,Z.White,Zamir White,RB,RB,LV,58.90,73.90
00-0038621,D.Douglas,Demario Douglas,WR,WR,NE,58.20,107.20
00-0036360,C.Edwards-Helaire,Clyde Edwards-Helaire,RB,RB,KC,57.10,78.10
00-0036182,N.Westbrook-Ikhine,Nick Westbrook-Ikhine,WR,WR,TEN,57.00,85.00
00-0035710,D.Jones,Daniel Jones,QB,QB,NYG,56.96,56.96
00-0034771,M.Rudolph,Mason Rudolph,QB,QB,PIT,56.32000000000001,56.32000000000001
00-0038544,Q.Johnston,Quentin Johnston,WR,WR,LAC,56.00,94.00
00-0038996,T.Kraft,Tucker Kraft,TE,TE,GB,55.900000000000006,91.90
00-0037382,B.Johnson,Brandon Johnson,WR,WR,DEN,54.400000000000006,73.40
00-0036259,J.Jennings,Jauan Jennings,WR,WR,SF,54.34,83.34
00-0034272,M.Valdes-Scantling,Marquez Valdes-Scantling,WR,WR,KC,54.30,83.30
00-0039144,L.Musgrave,Luke Musgrave,TE,TE,GB,53.80,93.80
00-0036370,J.Kelley,Joshua Kelley,RB,RB,LAC,53.70,61.70
00-0038416,T.Bagent,Tyson Bagent,QB,QB,CHI,53.26,53.26
00-0038563,T.Tucker,Tre Tucker,WR,WR,LV,52.80,71.80
00-0038976,M.Mims,Marvin Mims Jr.,WR,WR,DEN,52.699999999999996,74.70
00-0035329,D.Parham,Donald Parham,TE,TE,LAC,52.50,79.50
00-0036894,P.Freiermuth,Pat Freiermuth,TE,TE,PIT,52.40,89.40
00-0038705,E.Demercado,Emari Demercado,RB,RB,ARI,52.30,73.30
00-0034418,C.Wilson,Cedrick Wilson Jr.,WR,WR,MIA,51.30,76.30
00-0030431,R.Woods,Robert Woods,WR,WR,HOU,51.00,93.00
00-0032765,M.Thomas,Michael Thomas,WR,WR,NO,50.80,89.80
00-0036637,N.Gray,Noah Gray,TE,TE,KC,49.20,85.20
00-0036567,E.Mitchell,Elijah Mitchell,RB,RB,SF,49.00,55.00
00-0033869,M.Trubisky,Mitchell Trubisky,QB,QB,PIT,48.68,48.68
00-0036550,R.Bateman,Rashod Bateman,WR,WR,BAL,48.60,84.60000000000001
00-0038612,A.Perry,A.T. Perry,WR,WR,NO,48.60,60.60
00-0036309,D.Mooney,Darnell Mooney,WR,WR,CHI,47.90,78.90
00-0037801,K.Turpin,KaVontae Turpin,WR,WR,DAL,47.70,59.70
00-0036556,B.Jordan,Brevin Jordan,TE,TE,HOU,47.50,65.50
00-0032398,C.Moore,Chris Moore,WR,WR,TEN,46.30,68.30
00-0034838,R.Freeman,Royce Freeman,RB,RB,LA,45.20,46.20
00-0039066,M.Mayer,Michael Mayer,TE,TE,LV,44.40,71.40
00-0033891,Z.Jones,Zay Jones,WR,WR,JAX,44.10,78.10
00-0036876,K.Granson,Kylen Granson,TE,TE,IND,43.00,73.00
00-0033948,J.Williams,Jamaal Williams,RB,RB,NO,42.80,60.80
00-0037837,C.Austin,Calvin Austin III,WR,WR,PIT,42.40,60.40
00-0039062,J.Mingo,Jonathan Mingo,WR,WR,CAR,41.80,84.80
00-0037525,J.Mason,Jordan Mason,RB,RB,SF,41.70,44.70
00-0038496,X.Gipson,Xavier Gipson,WR,WR,NYJ,41.699999999999996,62.70
00-0035644,N.Fant,Noah Fant,TE,TE,SEA,41.40,73.40
00-0034613,T.Hudson,Tanner Hudson,TE,TE,CIN,41.199999999999996,80.20
00-0035500,G.Dortch,Greg Dortch,WR,WR,ARI,40.50,64.50
00-0034646,B.Powell,Brandon Powell,WR,WR,MIN,40.10,69.10
00-0037257,D.Bell,David Bell,WR,WR,CLE,40.10,62.10
00-0035689,D.Knox,Dawson Knox,TE,TE,BUF,39.90,63.90
00-0038597,C.Brown,Chase Brown,RB,RB,CIN,39.50,53.50
00-0031547,D.Parker,DeVante Parker,WR,WR,NE,39.40,72.40
00-0036165,I.Hodgins,Isaiah Hodgins,WR,WR,NYG,39.00,60.00
00-0037666,J.Tolbert,Jalen Tolbert,WR,WR,DAL,38.80,60.800000000000004
00-0037091,B.Melton,Bo Melton,WR,WR,GB,38.50,56.50
00-0036422,A.Trautman,Adam Trautman,TE,TE,DEN,38.40,60.40
00-0038752,J.Bobo,Jake Bobo,WR,WR,SEA,37.90,56.900000000000006
00-0034798,D.Smythe,Durham Smythe,TE,TE,MIA,37.80,75.80
00-0038098,P.Strong,Pierre Strong,RB,RB,CLE,37.80,42.80
00-0035341,T.Irwin,Trenton Irwin,WR,WR,CIN,37.60,62.60
00-0037005,T.Tremble,Tommy Tremble,TE,TE,CAR,37.40,60.40
00-0038938,J.Hyatt,Jalin Hyatt,WR,WR,NYG,37.30,60.30
00-0034521,A.Lazard,Allen Lazard,WR,WR,NYJ,37.10,60.099999999999994
00-0036244,C.Parkinson,Colby Parkinson,TE,TE,SEA,36.70,61.70
00-0034829,M.Gesicki,Mike Gesicki,TE,TE,NE,36.40,65.40
00-0033217,M.Alie-Cox,Mo Alie-Cox,TE,TE,IND,36.10,49.10
00-0038611,C.Rodriguez,Chris Rodriguez Jr.,RB,RB,WAS,35.90,37.90
00-0036414,C.Akers,Cam Akers,RB,RB,LA,35.699999999999996,46.699999999999996
00-0038619,A.Iosivas,Andrei Iosivas,WR,WR,CIN,35.60,50.60
00-0036924,M.Carter,Michael Carter,RB,RB,NYJ,34.80,58.80
00-0035406,L.Humphrey,Lil'Jordan Humphrey,WR,WR,DEN,34.20,47.20
00-0035664,D.Henderson,Darrell Henderson,RB,RB,LA,33.50,43.50
00-0035537,T.Johnson,Ty Johnson,RB,RB,BUF,33.40,41.40
00-0038551,K.Miller,Kendre Miller,RB,RB,NO,33.30,43.30
00-0038090,S.Moore,Skyy Moore,WR,WR,KC,32.70,53.70
00-0035567,C.Reynolds,Craig Reynolds,RB,RB,DET,32.699999999999996,37.699999999999996
00-0033857,J.Smith-Schuster,JuJu Smith-Schuster,WR,WR,NE,32.00,61.00
00-0029892,K.Juszczyk,Kyle Juszczyk,FB,RB,SF,31.40,49.40
00-0034681,C.Edmonds,Chase Edmonds,RB,RB,TB,31.40,48.40
00-0036232,H.Bryant,Harrison Bryant,TE,TE,CLE,31.40,48.40
00-0035249,J.Oliver,Josh Oliver,TE,TE,MIN,31.299999999999997,53.30
00-0033536,M.Williams,Mike Williams,WR,WR,LAC,31.200000000000003,50.20
00-0034419,B.Berrios,Braxton Berrios,WR,WR,MIA,30.90,57.90
00-0035215,D.Harty,Deonte Harty,WR,WR,BUF,30.70,47.699999999999996
00-0033308,M.Breida,Matt Breida,RB,RB,NYG,29.90,46.90
00-0031428,A.Robinson,Allen Robinson,WR,WR,PIT,29.20,65.20
00-0032543,A.Erickson,Alex Erickson,WR,WR,LAC,29.20,45.20
00-0035704,D.Lock,Drew Lock,QB,QB,SEA,29.119999999999997,29.119999999999997
00-0033589,D.Moore,David Moore,WR,WR,TB,29.10,37.10
00-0035208,O.Zaccheaus,Olamide Zaccheaus,WR,WR,PHI,28.900000000000002,39.90
00-0035631,D.Sample,Drew Sample,TE,TE,CIN,28.30,50.30
00-0035298,S.Miller,Scott Miller,WR,WR,ATL,28.10,39.10
00-0034115,J.Wilson,Jeff Wilson,RB,RB,MIA,27.90,42.90
00-0030578,C.Patterson,Cordarrelle Patterson,RB,RB,ATL,27.90,36.90
00-0027696,J.Graham,Jimmy Graham,TE,TE,NO,27.90,33.90
00-0034959,A.Beck,Andrew Beck,FB,RB,HOU,27.80,38.80
00-0027944,J.Jones,Julio Jones,WR,WR,PHI,27.60,41.60
00-0033893,D.Cook,Dalvin Cook,RB,RB,NYJ,27.50,42.50
00-0032156,T.Siemian,Trevor Siemian,QB,QB,NYJ,26.96,26.96
00-0036020,S.Ahmed,Salvon Ahmed,RB,RB,MIA,26.90,42.90
00-0037292,A.Ogletree,Andrew Ogletree,TE,TE,IND,26.70,35.70
00-0035264,J.Stidham,Jarrett Stidham,QB,QB,DEN,26.64,26.64
00-0033572,J.Agnew,Jamal Agnew,WR,WR,JAX,26.30,40.30
00-0032950,C.Wentz,Carson Wentz,QB,QB,LA,26.12,26.12
00-0036913,K.Toney,Kadarius Toney,WR,WR,KC,26.00,53.00
00-0035993,T.Huntley,Tyler Huntley,QB,QB,BAL,25.62,25.62
00-0038115,D.Bellinger,Daniel Bellinger,TE,TE,NYG,25.50,50.50
00-0034981,F.Moreau,Foster Moreau,TE,TE,NO,25.30,46.30
00-0035860,T.Jones,Tony Jones,RB,RB,NO,25.20,32.20
00-0033555,M.Hollins,Mack Hollins,WR,WR,ATL,25.099999999999998,43.10
00-0035628,D.Johnson,D'Ernest Johnson,RB,RB,JAX,24.80,34.80
00-0038647,R.Bell,Ronnie Bell,WR,WR,SF,24.80,30.80
00-0033439,P.Brown,Pharaoh Brown,TE,TE,NE,24.799999999999997,37.80
00-0030061,Z.Ertz,Zach Ertz,TE,TE,ARI,24.70,51.70
00-0036635,I.Smith-Marsette,Ihmir Smith-Marsette,WR,WR,CAR,24.50,32.50
00-0035140,M.Hardman,Mecole Hardman,WR,WR,NYJ,24.40,44.40
00-0034830,H.Hurst,Hayden Hurst,TE,TE,CAR,24.40,42.40
00-0037742,T.Burks,Treylon Burks,WR,WR,TEN,23.90,39.90
00-0038555,T.Bigsby,Tank Bigsby,RB,RB,JAX,23.80,24.80
00-0027973,A.Dalton,Andy Dalton,QB,QB,CAR,23.64,23.64
00-0034983,H.Renfrow,Hunter Renfrow,WR,WR,LV,23.50,48.50
00-0032392,A.Hooper,Austin Hooper,TE,TE,LV,23.40,48.40
00-0034869,S.Darnold,Sam Darnold,QB,QB,SF,23.38,23.38
00-0038979,C.Tillman,Cedric Tillman,WR,WR,CLE,23.20,44.20
00-0033246,J.Mundt,Johnny Mundt,TE,TE,MIN,23.20,40.20
00-0034159,W.Dissly,Will Dissly,TE,TE,SEA,23.20,40.20
00-0038606,P.Washington,Parker Washington,WR,WR,JAX,23.20,39.20
00-0034854,K.Hodge,KhaDarel Hodge,WR,WR,ATL,23.20,37.20
00-0036297,D.Evans,Darrynton Evans,RB,RB,CHI,23.00,30.00
00-0036626,D.Brown,Dyami Brown,WR,WR,WAS,22.96,34.96
00-0033119,J.Brissett,Jacoby Brissett,QB,QB,WAS,22.86,22.86
00-0038573,D.Davis,Derius Davis,WR,WR,LAC,22.70,37.70
00-0039041,E.Higgins,Elijah Higgins,TE,TE,ARI,22.30,36.30
00-0038583,D.Thompson-Robinson,Dorian Thompson-Robinson,QB,QB,CLE,22.10,22.10
00-0032104,A.Abdullah,Ameer Abdullah,RB,RB,LV,22.00,41.00
00-0031941,J.Crowder,Jamison Crowder,WR,WR,WAS,21.90,37.90
00-0037614,J.Metchie,John Metchie III,WR,WR,HOU,21.50,40.50
00-0037475,S.Smartt,Stone Smartt,TE,TE,LAC,21.50,32.50
00-0036387,J.Reagor,Jalen Reagor,WR,WR,NE,21.50,28.50
00-0033936,C.Beathard,C.J. Beathard,QB,QB,JAX,21.46,21.46
00-0036271,Q.Watkins,Quez Watkins,WR,WR,PHI,21.400000000000002,39.40
00-0034054,R.Cracraft,River Cracraft,WR,WR,MIA,21.40,32.40
00-0036415,V.Jefferson,Van Jefferson,WR,WR,LA,21.30,41.300000000000004
00-0038394,W.Mallory,Will Mallory,TE,TE,IND,20.70,38.699999999999996
00-0033275,P.Walker,P.J. Walker,QB,QB,CLE,19.959999999999997,19.959999999999997
00-0035973,P.Taylor,Patrick Taylor,RB,RB,GB,19.60,30.60
00-0037557,R.Rivers,Ronnie Rivers,RB,RB,LA,19.50,27.50
00-0037487,D.Thompkins,Deven Thompkins,WR,WR,TB,19.299999999999997,37.30
00-0038547,L.Schoonmaker,Luke Schoonmaker,TE,TE,DAL,19.20,28.20
00-0034407,R.McCloud,Ray-Ray McCloud,WR,WR,SF,19.10,33.10
00-0034791,N.Chubb,Nick Chubb,RB,RB,CLE,19.10,23.10
00-0038941,T.Scott,Tyler Scott,WR,WR,CHI,18.90,35.90
00-0032688,R.Chosen,Robbie Chosen,WR,WR,MIA,18.60,22.60
00-0038465,M.Heath,Malik Heath,WR,WR,GB,18.50,33.50
00-0039074,D.Allen,Davis Allen,TE,TE,LA,18.30,30.30
00-0037286,K.Harris,Kevin Harris,RB,RB,NE,18.30,21.30
00-0037273,K.Philips,Kyle Philips,WR,WR,TEN,18.099999999999998,33.10
00-0036754,B.Wright,Brock Wright,TE,TE,DET,18.00,32.00
00-0036898,D.Mills,Davis Mills,QB,QB,HOU,17.66,17.66
00-0036984,T.Sermon,Trey Sermon,RB,RB,IND,17.30,20.30
00-0037304,C.Heyward,Connor Heyward,TE,TE,PIT,17.20,41.20
00-0031585,M.Pruitt,MyCole Pruitt,TE,TE,ATL,17.00,26.00
00-0035657,D.Harris,Damien Harris,RB,RB,BUF,17.00,19.00
00-0032144,M.Gordon,Melvin Gordon,RB,RB,BAL,16.70,19.70
00-0034297,B.Pringle,Byron Pringle,WR,WR,WAS,16.10,30.10
00-0034970,I.Smith,Irv Smith,TE,TE,CIN,15.50,33.50
00-0036233,D.Peoples-Jones,Donovan Peoples-Jones,WR,WR,CLE,15.50,28.50
00-0036887,L.Farrell,Luke Farrell,TE,TE,JAX,15.50,28.50
00-0037539,L.Krull,Lucas Krull,TE,TE,DEN,15.500000000000002,23.50
00-0038797,E.Wilson,Emanuel Wilson,RB,RB,GB,15.50,20.50
00-0038589,J.Whyle,Josh Whyle,TE,TE,TEN,15.40,24.40
00-0034487,T.Sherfield,Trent Sherfield,WR,WR,BUF,15.299999999999999,27.30
00-0036628,J.Bates,John Bates,TE,TE,WAS,15.10,34.10
00-0037805,J.Ruckert,Jeremy Ruckert,TE,TE,NYJ,15.10,31.10
00-0038046,C.Kolar,Charlie Kolar,TE,TE,BAL,15.10,23.10
00-0035414,J.Guyton,Jalen Guyton,WR,WR,LAC,14.90,24.90
00-0038618,X.Hutchinson,Xavier Hutchinson,WR,WR,HOU,14.799999999999999,26.80
00-0038104,T.Thornton,Tyquan Thornton,WR,WR,NE,14.20,27.200000000000003
00-0036862,B.Skowronek,Ben Skowronek,WR,WR,LA,14.00,23.00
00-0032436,J.Driskel,Jeff Driskel,QB,QB,CLE,13.94,13.94
00-0036955,T.Marshall,Terrace Marshall Jr.,WR,WR,CAR,13.899999999999999,32.90
00-0034414,B.Scott,Boston Scott,RB,RB,PHI,13.80,17.80
00-0036326,C.Claypool,Chase Claypool,WR,WR,CHI,13.70,21.70
00-0038576,C.Jones,Charlie Jones,WR,WR,CIN,13.70,20.70
00-0034364,J.Akins,Jordan Akins,TE,TE,CLE,13.20,28.20
00-0038045,I.Spiller,Isaiah Spiller,RB,RB,LAC,13.00,19.00
00-0036438,S.Sullivan,Stephen Sullivan,TE,TE,CAR,12.50,24.50
00-0032385,S.Shepard,Sterling Shepard,WR,WR,NYG,12.30,22.30
00-0037120,T.Goodson,Tyler Goodson,RB,RB,IND,12.100000000000001,18.10
00-0034286,R.James,Richie James,WR,WR,KC,12.00,23.00
00-0037078,C.Turner,Cole Turner,TE,TE,WAS,12.00,23.00
00-0031503,J.Winston,Jameis Winston,QB,QB,NO,11.96,11.96
00-0035125,A.Ingold,Alec Ingold,FB,RB,MIA,11.90,24.90
00-0028002,R.Cobb,Randall Cobb,WR,WR,NYJ,11.90,16.90
00-0032134,C.Uzomah,C.J. Uzomah,TE,TE,NYJ,11.80,19.80
00-0032268,M.Mariota,Marcus Mariota,QB,QB,PHI,11.76,11.76
00-0038492,J.Brownlee,Jason Brownlee,WR,WR,NYJ,11.60,16.60
00-0035045,D.Montgomery,D.J. Montgomery,WR,WR,IND,11.600000000000001,14.600000000000001
00-0036364,L.Bowden,Lynn Bowden,WR,WR,NO,11.50,22.50
00-0036268,L.Shenault,Laviska Shenault Jr.,WR,WR,CAR,11.50,21.50
00-0038389,I.Abanikanda,Israel Abanikanda,RB,RB,NYJ,11.30,18.30
00-0033757,R.Tonyan,Robert Tonyan,TE,TE,CHI,11.20,22.20
00-0033376,P.Ricard,Patrick Ricard,FB,RB,BAL,11.200000000000001,16.20
00-0037429,R.Blackshear,Raheem Blackshear,RB,RB,CAR,11.10,17.099999999999998
00-0029239,B.Bolden,Brandon Bolden,RB,RB,LV,11.10,11.10
00-0036269,L.Perine,La'Mical Perine,RB,RB,KC,11.00,14.00
00-0034177,T.Boyle,Tim Boyle,QB,QB,NYJ,10.90,10.90
00-0038685,C.Brooks,Chris Brooks,RB,RB,MIA,10.60,10.60
00-0035639,P.Campbell,Parris Campbell,WR,WR,NYG,10.40,30.400000000000002
00-0032128,C.Conley,Chris Conley,WR,WR,SF,10.40,15.40
00-0030068,M.Goodwin,Marquise Goodwin,WR,WR,CLE,10.00,14.00
00-0037299,K.Ingram,Keaontay Ingram,RB,RB,ARI,10.00,14.00
00-0037098,S.Toure,Samori Toure,WR,WR,GB,9.80,17.80
00-0028986,C.Keenum,Case Keenum,QB,QB,HOU,9.74,9.74
00-0034317,K.Kirkwood,Keith Kirkwood,WR,WR,NO,9.70,14.700000000000001
00-0038738,H.Luepke,Hunter Luepke,FB,RB,DAL,9.70,12.70
00-0036158,J.Dobbins,J.K. Dobbins,RB,RB,BAL,9.70,11.70
00-0033466,I.McKenzie,Isaiah McKenzie,WR,WR,IND,9.60,20.60
00-0036145,L.Cager,Lawrence Cager,TE,TE,NYG,9.60,13.60
00-0038935,B.Strange,Brenton Strange,TE,TE,JAX,9.499999999999998,14.499999999999998
00-0032141,G.Swaim,Geoff Swaim,TE,TE,ARI,9.40,19.40
00-0024243,M.Lewis,Marcedes Lewis,TE,TE,CHI,8.90,12.90
00-0034928,S.Sims,Steven Sims,WR,WR,HOU,8.60,11.60
00-0036590,Q.Morris,Quintin Morris,TE,TE,BUF,8.60,10.60
00-0038809,B.Sims,Ben Sims,TE,TE,GB,8.50,13.50
00-0034433,N.Bawden,Nick Bawden,FB,RB,NYJ,8.50,11.50
00-0036497,T.Jones,Tim Jones,WR,WR,JAX,8.30,19.30
00-0038622,D.Vaughn,Deuce Vaughn,RB,RB,DAL,8.00,15.00
00-0035291,T.Williams,Trayveon Williams,RB,RB,CIN,7.90,14.90
00-0036424,B.Hopkins,Brycen Hopkins,TE,TE,LA,7.800000000000001,12.80
00-0039050,P.Durham,Payne Durham,TE,TE,TB,7.60,13.60
00-0038582,C.Tune,Clayton Tune,QB,QB,ARI,7.4799999999999995,7.4799999999999995
00-0033854,D.Ogunbowale,Dare Ogunbowale,RB,RB,HOU,7.30,10.30
00-0037745,V.Jones,Velus Jones Jr.,RB,RB,CHI,7.10,11.10
00-0036630,T.Wallace,Tylan Wallace,WR,WR,BAL,7.10,8.10
00-0038396,E.Gray,Eric Gray,RB,RB,NYG,7.00,13.00
00-0036646,S.Fehoko,Simi Fehoko,WR,WR,LAC,6.90,7.90
00-0036427,T.Johnson,Tyler Johnson,WR,WR,LA,6.80,8.80
00-0034955,B.Rypien,Brett Rypien,QB,QB,LA,6.779999999999999,6.779999999999999
00-0032062,B.Bell,Blake Bell,TE,TE,KC,6.60,11.60
00-0036569,G.Brightwell,Gary Brightwell,RB,RB,NYG,6.60,11.60
00-0036332,J.Deguara,Josiah Deguara,TE,TE,GB,6.50,14.50
00-0038640,J.Brooks,Jalen Brooks,WR,WR,DAL,6.3999999999999995,12.40
00-0034208,M.Boone,Mike Boone,RB,RB,HOU,6.300000000000001,13.30
00-0036425,D.Dallas,DeeJay Dallas,RB,RB,SEA,6.20,12.20
00-0034279,E.St. Brown,Equanimeous St. Brown,WR,WR,CHI,6.20,11.20
00-0035643,J.Simmons,Jeffery Simmons,DT,DL,TEN,6.2,7.2
00-0037311,K.Kieft,Ko Kieft,TE,TE,TB,6.20,7.20
00-0038558,D.Washington,Darnell Washington,TE,TE,PIT,6.10,13.10
00-0038821,R.Jarrett,Rakim Jarrett,WR,WR,TB,6.00,10.00
00-0029764,C.Davis,Cody Davis,FS,DB,NE,6,6
00-0036287,N.Igbinoghene,Noah Igbinoghene,CB,DB,DAL,6,6
00-0036672,G.Stuard,Grant Stuard,MLB,LB,IND,6,6
00-0027948,B.Gabbert,Blaine Gabbert,QB,QB,KC,5.90,5.90
00-0031763,D.Carter,DeAndre Carter,WR,WR,LV,5.70,9.70
00-0035771,M.Wilcox,Mitchell Wilcox,TE,TE,CIN,5.60,14.60
00-0034365,I.Thomas,Ian Thomas,TE,TE,CAR,5.60,10.60
00-0030874,D.Williams,Damien Williams,RB,RB,ARI,5.50,7.50
00-0037216,J.Ross,Justyn Ross,WR,WR,KC,5.30,11.30
00-0026625,B.Hoyer,Brian Hoyer,QB,QB,LV,4.94,4.94
00-0032200,T.Montgomery,Ty Montgomery,WR,WR,NE,4.90,9.90
00-0036482,M.Strachan,Mike Strachan,WR,WR,CAR,4.50,5.50
00-0036450,K.Vaughn,Ke'Shawn Vaughn,RB,RB,TB,4.40,6.40
00-0037132,B.Covey,Britain Covey,WR,WR,PHI,4.20,8.20
00-0035645,G.Olszewski,Gunner Olszewski,WR,WR,PIT,4.00,5.00
00-0033856,L.Fournette,Leonard Fournette,RB,RB,BUF,4.00,4.00
00-0037086,G.Calcaterra,Grant Calcaterra,TE,TE,PHI,3.9000000000000004,7.8999999999999995
00-0036741,J.Stoll,Jack Stoll,TE,TE,PHI,3.80,8.80
00-0037569,P.Hendershot,Peyton Hendershot,TE,TE,DAL,3.80,7.80
00-0038667,E.Cooks,Elijah Cooks,WR,WR,JAX,3.80,6.80
00-0034750,R.Penny,Rashaad Penny,RB,RB,PHI,3.80,4.80
00-0031595,M.Burton,Michael Burton,FB,RB,DEN,3.70,6.70
00-0035120,K.Doss,Keelan Doss,WR,WR,LAC,3.30,9.30
00-0036331,D.Duvernay,Devin Duvernay,WR,WR,BAL,3.30,7.30
00-0030968,K.Smith,Keith Smith,FB,RB,ATL,3.30,6.30
00-0037277,T.Quitoriano,Teagan Quitoriano,TE,TE,HOU,3.3000000000000003,5.300000000000001
00-0033662,C.Rush,Cooper Rush,QB,QB,DAL,3.26,3.26
00-0036429,C.Woerner,Charlie Woerner,TE,TE,SF,3.20,6.20
00-0032918,C.Ham,C.J. Ham,FB,RB,MIN,3.20,10.20
00-0038951,S.Tucker,Sean Tucker,RB,RB,TB,3.1999999999999997,5.20
00-0036124,K.Dorsey,Khalil Dorsey,CB,DB,DET,3.1,4.1
00-0038128,M.Willis,Malik Willis,QB,QB,TEN,3.06,3.06
00-0036841,A.Trammell,Austin Trammell,WR,WR,LA,2.90,6.90
00-0037291,J.Nailor,Jalen Nailor,WR,WR,MIN,2.9000000000000004,5.90
00-0035934,T.Jackson,Trishton Jackson,WR,WR,MIN,2.9000000000000004,4.90
00-0038720,J.Hill,Julian Hill,TE,TE,MIA,2.80,8.80
00-0035099,K.Blasingame,Khari Blasingame,FB,RB,CHI,2.8000000000000003,5.80
00-0036510,K.Yeboah,Kenny Yeboah,TE,TE,NYJ,2.80,4.80
00-0037282,J.Mitchell,James Mitchell,TE,TE,DET,2.80,4.80
00-0035715,D.Gore,Derrick Gore,RB,RB,WAS,2.5999999999999996,2.5999999999999996
00-0037252,G.Dulcich,Greg Dulcich,TE,TE,DEN,2.50,5.50
00-0038783,N.Adkins,Nate Adkins,TE,TE,DEN,2.20,6.20
00-0036860,J.Funk,Jake Funk,RB,RB,IND,2.20,3.20
00-0037317,N.Muse,Nick Muse,TE,TE,MIN,2.20,3.20
00-0038092,E.Ezukanma,Erik Ezukanma,WR,WR,MIA,2.20,2.20
00-0038598,J.Hall,Jaren Hall,QB,QB,MIN,2.12,2.12
00-0035259,T.Wesco,Trevon Wesco,TE,TE,TEN,2.10,3.10
00-0037157,Z.Knight,Bam Knight,RB,RB,DET,2.10,3.10
00-0037827,T.Davis-Price,Tyrion Davis-Price,RB,RB,SF,2.10,2.10
00-0034401,M.White,Mike White,QB,QB,MIA,2.06,2.06
00-0029692,B.Anger,Bryan Anger,P,SPEC,DAL,2,2
00-0035688,T.Pipkins,Trey Pipkins,T,OL,LAC,2,2
00-0036982,C.Golston,Chauncey Golston,DE,DL,DAL,2,2
00-0033251,Z.Pascal,Zach Pascal,WR,WR,ARI,1.90,5.90
00-0038608,K.Boutte,Kayshon Boutte,WR,WR,NE,1.9000000000000001,3.9000000000000004
00-0038862,E.Dotson,Elijah Dotson,RB,RB,LAC,1.90,3.90
00-0039136,Z.Evans,Zach Evans,RB,RB,LA,1.90,1.90
00-0036504,B.Echols,Brandin Echols,CB,DB,NYJ,1.8,2.8
00-0035703,M.Boykin,Miles Boykin,WR,WR,PIT,1.70,4.70
00-0031484,C.Manhertz,Chris Manhertz,TE,TE,DEN,1.60,3.60
00-0032951,L.Treadwell,Laquon Treadwell,WR,WR,BAL,1.60,2.60
00-0033557,J.Reeves-Maybin,Jalen Reeves-Maybin,OLB,LB,DET,1.54,1.54
00-0029293,M.Jones,Marvin Jones,WR,WR,DET,1.50,6.50
00-0030663,W.Snead,Willie Snead,WR,WR,SF,1.40,3.40
00-0033296,A.Armah,Alex Armah,RB,RB,WAS,1.30,4.30
00-0037410,J.Corbin,Jashaun Corbin,RB,RB,NYG,1.30,4.30
00-0035184,D.Ozigbo,Devine Ozigbo,RB,RB,DET,1.30,2.30
00-0036842,K.Nwangwu,Kene Nwangwu,RB,RB,MIN,1.30,1.30
00-0035480,M.Taylor,Malik Taylor,WR,WR,NYJ,1.2999999999999998,3.30
00-0038391,S.Clifford,Sean Clifford,QB,QB,GB,1.28,1.28
00-0033576,E.Saubert,Eric Saubert,TE,TE,HOU,1.20,4.20
00-0034073,R.Dwelley,Ross Dwelley,TE,TE,SF,1.20,2.20
00-0035726,J.Johnson,Jakob Johnson,FB,RB,LV,1.20,2.20
00-0037306,J.FitzPatrick,John FitzPatrick,TE,TE,ATL,1.20,2.20
00-0036313,B.Mann,Braden Mann,P,SPEC,PHI,1.12,1.12
00-0033118,K.Drake,Kenyan Drake,RB,RB,BAL,1.10,3.10
00-0036336,A.McFarland,Anthony McFarland,RB,RB,PIT,1.10,3.10
00-0036254,C.Johnson,Collin Johnson,WR,WR,CHI,1.10,2.10
00-0036857,C.Evans,Chris Evans,RB,RB,CIN,1.10,2.10
00-0035133,K.Nixon,Keisean Nixon,CB,DB,GB,1.1,1.1
00-0035924,J.Ward,Jonathan Ward,RB,RB,TEN,1.10,1.10
00-0035164,C.Thompson,Cody Thompson,WR,WR,SEA,1.00,2.00
00-0035859,B.Gillikin,Blake Gillikin,P,SPEC,ARI,1,1
00-0037654,T.Fisk,Tucker Fisk,TE,TE,ATL,0.90,1.90
00-0033455,A.Firkser,Anthony Firkser,TE,TE,DET,0.80,1.80
00-0031288,A.McCarron,AJ McCarron,QB,QB,CIN,0.76,0.76
00-0027114,T.Morstead,Thomas Morstead,P,SPEC,NYJ,0.72,0.72
00-0038397,E.Hull,Evan Hull,RB,RB,IND,0.70,1.70
00-0034193,K.Rader,Kevin Rader,TE,TE,TEN,0.60,1.60
00-0036176,M.Kinsey,Mason Kinsey,WR,WR,TEN,0.60,1.60
00-0037289,M.Rodriguez,Malcolm Rodriguez,ILB,LB,DET,0.6,1.6
00-0037506,C.Fotheringham,Cole Fotheringham,TE,TE,LV,0.60,1.60
00-0034437,L.Cooke,Logan Cooke,P,SPEC,JAX,0.52,0.52
00-0036620,D.Eskridge,Dee Eskridge,WR,WR,SEA,0.50,0.50
00-0035889,T.Townsend,Tommy Townsend,P,SPEC,KC,0.44,0.44
00-0033863,D.Skipper,Dan Skipper,T,OL,DET,0.4,1.4
00-0035562,J.Horsted,Jesper Horsted,TE,TE,LV,0.40,1.40
00-0036727,A.Prentice,Adam Prentice,FB,RB,NO,0.3999999999999999,2.40
00-0032394,N.Vannett,Nick Vannett,TE,TE,LAC,0.30,1.30
00-0036187,R.Gilliam,Reggie Gilliam,FB,RB,BUF,0.30,1.30
00-0038632,C.Dowell,Colton Dowell,WR,WR,TEN,0.30,1.30
00-0036329,A.Davis,Ashtyn Davis,SS,DB,NYJ,0.30000000000000004,0.30000000000000004
00-0035956,G.Ricci,Giovanni Ricci,TE,TE,CAR,0.20,1.20
00-0037420,K.Lassiter,Kwamie Lassiter,WR,WR,CIN,0.20,1.20
00-0038627,A.Green,Antoine Green,WR,WR,DET,0.20,1.20
00-0034490,E.Turner,Ezekiel Turner,ILB,LB,ARI,0.2,0.2
00-0035632,A.Hooker,Amani Hooker,FS,DB,TEN,0.2,0.2
00-0036888,D.Hamlin,Damar Hamlin,SS,DB,BUF,0.2,0.2
00-0032217,D.Smith,Donovan Smith,T,OL,KC,0,1
00-0034171,J.Cabinda,Jason Cabinda,FB,RB,DET,0.00,1.00
00-0035831,J.Robinson,James Robinson,RB,RB,GB,0.00,1.00
00-0036132,B.Bredeson,Ben Bredeson,G,OL,NYG,0,1
00-0023459,A.Rodgers,Aaron Rodgers,QB,QB,NYJ,0.00,0.00
00-0030140,T.Way,Tress Way,P,SPEC,WAS,0,0
00-0031868,D.Byrd,Damiere Byrd,WR,WR,ATL,0.00,0.00
00-0032208,P.Dorsett,Phillip Dorsett,WR,WR,DEN,0.00,0.00
00-0035527,A.Isabella,Andy Isabella,WR,WR,BUF,0.00,0.00
00-0035593,J.Winfree,Juwann Winfree,WR,WR,IND,0.00,0.00
00-0035594,T.Homer,Travis Homer,RB,RB,CHI,0.00,0.00
00-0035806,J.Hasty,JaMycal Hasty,RB,RB,JAX,0.00,0.00
00-0036032,S.McKeon,Sean McKeon,TE,TE,DAL,0.00,0.00
00-0036133,J.Proche,James Proche,WR,WR,CLE,0.00,0.00
00-0036423,A.Okwuegbunam,Albert Okwuegbunam,TE,TE,PHI,0.00,0.00
00-0036648,N.Niemann,Nick Niemann,ILB,LB,LAC,0,0
00-0036991,A.Rodgers,Amari Rodgers,WR,WR,IND,0.00,0.00
00-0037156,I.Charles,Irvin Charles,WR,WR,NYJ,0.00,0.00
00-0037451,R.Williams,Rod Williams,TE,TE,PIT,0.00,0.00
00-0038490,T.Zentner,Ty Zentner,P,SPEC,TEN,0,0
00-0038678,J.Mims,Jordan Mims,RB,RB,NO,0.00,0.00
00-0038891,S.Jackson,Shedrick Jackson,WR,WR,CIN,0.00,0.00
00-0038911,M.Cunningham,Malik Cunningham,WR,WR,NE,0.00,0.00
00-0036928,K.Trask,Kyle Trask,QB,QB,TB,-0.10,-0.10
00-0031237,T.Bridgewater,Teddy Bridgewater,QB,QB,DET,-0.20,-0.20
00-0032975,J.Williams,Jonathan Williams,RB,RB,WAS,-0.20,-0.20
00-0033292,T.Taylor,Trent Taylor,WR,WR,CHI,-0.20,-0.20
00-0030533,M.Barkley,Matt Barkley,QB,QB,JAX,-0.30,-0.30
00-0034438,L.Woodside,Logan Woodside,QB,QB,ATL,-0.32,-0.32
00-0033958,N.Peterman,Nathan Peterman,QB,QB,CHI,-0.40,-0.40
00-0036493,D.Jackson,Deon Jackson,RB,RB,IND,-1.00,4.00
00-0034575,D.Wells,David Wells,TE,TE,TB,-1.00,1.00
00-0034577,K.Allen,Kyle Allen,QB,QB,BUF,-1.30,-1.30
00-0033729,C.Johnston,Cameron Johnston,P,SPEC,HOU,-2.3,-2.3
00-0028872,J.Hekker,Johnny Hekker,P,SPEC,CAR,-2.82,-2.82
00-0037607,R.Stonehouse,Ryan Stonehouse,P,SPEC,TEN,-3.1,-3.1
